OID_,DateTime,Month,Month_text,ID,Latitude,Longitude,Transect,depth1_cm,depth2_cm,depth3_cm,depth4_cm,depth5_cm,depth_mean,density1,density2,density3,swe1_cm,swe2_cm,swe3_cm,swe_mean,RASTERVALU
1,2/7/2021 17:28:00,2,Feb,ag1,40.614533700000003,-105.819617899999997,UB_T,67,69,66,66,56,64.799999999999997,0.158810707000000,0.136697824000000,0.164841493000000,10.799128070000000,9.022056361000001,11.209221540000000,10.343468659999999,-1.0000000
2,3/20/2021 18:28:00,3,Mar,ag1,40.614533700000003,-105.819617899999997,UB_T,74,85,67,78,57,72.200000000000003,0.222277822000000,0.288771187000000,0.331237538000000,16.893114449999999,22.524152600000001,22.524152600000001,20.647139880000001,-1.0000000
3,4/11/2021 15:54:00,4,Apr,ag1,40.614533700000003,-105.819617899999997,UB_T,35,36,38,42,29,36.000000000000000,0.278644698000000,0.249237219000000,0.217557469000000,12.817656110000000,11.714149290000000,9.790086123000000,11.440630510000000,-1.0000000
4,5/8/2021 16:03:00,5,May,ag1,40.614533700000003,-105.819617899999997,UB_T,7,0,0,0,0,1.400000000000000,0.280120961000000,,,5.602419226000000,0.000000000000000,0.000000000000000,1.867473075000000,-1.0000000
5,2/7/2021 19:51:00,2,Feb,ag10,40.613176899999999,-105.817936599999996,PB_T,69,66,71,69,69,68.799999999999997,0.148249752000000,0.120848801000000,0.150367606000000,10.525732420000001,8.338567243000000,10.525732420000001,9.796677361000000,358.8283997
6,3/20/2021 20:18:00,3,Mar,ag10,40.613176899999999,-105.817936599999996,PB_T,93,91,97,89,90,92.000000000000000,0.253713859000000,0.216176078000000,0.175758694000000,23.849102750000000,20.536727370000001,17.224351989999999,20.536727370000001,358.8283997
7,4/11/2021 17:17:00,4,Apr,ag10,40.613176899999999,-105.817936599999996,PB_T,85,55,58,63,60,64.200000000000003,0.297315643000000,0.243427226000000,0.222501957000000,19.325516830000002,15.335915260000000,14.685129180000001,16.448853759999999,358.8283997
8,5/8/2021 16:58:00,5,May,ag10,40.613176899999999,-105.817936599999996,PB_T,28,23,35,46,20,30.399999999999999,0.272845092000000,0.307001256000000,0.269891214000000,7.639662582000000,12.280050220000000,10.525757329999999,10.148490040000000,358.8283997
9,2/7/2021 18:02:00,2,Feb,ag2,40.614212700000003,-105.819443300000003,UB_T,81,88,85,87,87,85.599999999999994,,,,,,,,311.9089050
10,3/20/2021 19:09:00,3,Mar,ag2,40.614212700000003,-105.819443300000003,UB_T,101,95,102,102,100,100.000000000000000,,,,,,,,311.9089050
11,4/11/2021 16:48:00,4,Apr,ag2,40.614212700000003,-105.819443300000003,UB_T,80,75,80,83,79,79.400000000000006,,,,,,,,311.9089050
12,5/8/2021 16:16:00,5,May,ag2,40.614212700000003,-105.819443300000003,UB_T,55,58,55,42,45,51.000000000000000,,,,,,,,311.9089050
13,2/7/2021 18:11:00,2,Feb,ag3,40.614037699999997,-105.819126499999996,UB_T,89,83,82,88,84,85.200000000000003,,,,,,,,343.8232117
14,3/20/2021 19:16:00,3,Mar,ag3,40.614037699999997,-105.819126499999996,UB_T,107,103,107,102,103,104.400000000000006,,,,,,,,343.8232117
15,4/11/2021 16:53:00,4,Apr,ag3,40.614037699999997,-105.819126499999996,UB_T,95,85,86,76,90,86.400000000000006,,,,,,,,343.8232117
16,5/8/2021 16:18:00,5,May,ag3,40.614037699999997,-105.819126499999996,UB_T,70,78,65,65,73,70.200000000000003,,,,,,,,343.8232117
17,2/7/2021 18:29:00,2,Feb,ag4,40.613858899999997,-105.820391700000002,UB_T,84,74,84,92,74,81.599999999999994,,,,,,,,6.0659533
18,3/20/2021 19:29:00,3,Mar,ag4,40.613858899999997,-105.820391700000002,UB_T,103,110,88,90,108,99.799999999999997,,,,,,,,6.0659533
19,4/11/2021 16:58:00,4,Apr,ag4,40.613858899999997,-105.820391700000002,UB_T,83,78,79,76,83,79.799999999999997,0.302118078000000,0.286226735000000,0.314460859000000,28.096981270000001,27.191539779999999,27.672555570000000,27.653692209999999,6.0659533
20,5/8/2021 16:26:00,5,May,ag4,40.613858899999997,-105.820391700000002,UB_T,70,80,70,80,75,75.000000000000000,0.312605427000000,0.355856544000000,0.309635090000000,25.008434139999999,26.333384290000001,21.364821220000000,24.235546549999999,6.0659533
21,2/7/2021 18:41:00,2,Feb,ag5,40.613672399999999,-105.819902600000006,UB_T,50,60,55,62,58,57.000000000000000,0.106320530000000,0.133518805000000,0.134166382000000,5.741308594000000,5.741308594000000,7.244984654000000,6.242533947000000,308.9584656
22,3/20/2021 19:38:00,3,Mar,ag5,40.613672399999999,-105.819902600000006,UB_T,82,70,70,85,79,77.200000000000003,0.249562529000000,0.209939285000000,0.220825025000000,18.218064600000002,14.905689219999999,16.561876909999999,16.561876909999999,308.9584656
23,4/11/2021 17:01:00,4,Apr,ag5,40.613672399999999,-105.819902600000006,UB_T,45,46,46,42,40,43.799999999999997,,,,,,,,308.9584656
24,5/8/2021 16:42:00,5,May,ag5,40.613672399999999,-105.819902600000006,UB_T,28,31,16,17,26,23.600000000000001,,,,,,,,308.9584656
25,2/7/2021 19:08:00,2,Feb,ag6,40.613395400000002,-105.819318100000004,UB_T,70,70,58,60,67,65.000000000000000,,,,,,,,313.5750122
26,3/20/2021 20:01:00,3,Mar,ag6,40.613395400000002,-105.819318100000004,UB_T,78,85,84,82,80,81.799999999999997,,,,,,,,313.5750122
27,4/11/2021 17:06:00,4,Apr,ag6,40.613395400000002,-105.819318100000004,UB_T,29,40,36,40,45,38.000000000000000,,,,,,,,313.5750122
28,5/8/2021 16:48:00,5,May,ag6,40.613395400000002,-105.819318100000004,UB_T,0,5,0,5,5,3.000000000000000,,,,,,,,313.5750122
29,2/7/2021 19:22:00,2,Feb,ag7,40.613246699999998,-105.818688699999996,UB_T,56,55,52,60,62,57.000000000000000,,,,,,,,312.7039185
30,3/20/2021 20:05:00,3,Mar,ag7,40.613246699999998,-105.818688699999996,UB_T,84,83,83,80,84,82.799999999999997,,,,,,,,312.7039185
31,4/11/2021 17:09:00,4,Apr,ag7,40.613246699999998,-105.818688699999996,UB_T,45,39,39,34,38,39.000000000000000,,,,,,,,312.7039185
32,5/8/2021 16:52:00,5,May,ag7,40.613246699999998,-105.818688699999996,UB_T,23,0,18,25,23,17.800000000000001,,,,,,,,312.7039185
33,2/7/2021 19:45:00,2,Feb,ag9,40.612916700000000,-105.817553399999994,PB_T,80,76,78,76,72,76.400000000000006,,,,,,,,350.6964111
34,3/20/2021 20:15:00,3,Mar,ag9,40.612916700000000,-105.817553399999994,PB_T,86,87,90,93,85,88.200000000000003,,,,,,,,350.6964111
35,4/11/2021 17:33:00,4,Apr,ag9,40.612916700000000,-105.817553399999994,PB_T,50,50,49,44,49,48.399999999999999,,,,,,,,350.6964111
36,5/8/2021 17:20:00,5,May,ag9,40.612916700000000,-105.817553399999994,PB_T,16,23,16,15,21,18.199999999999999,,,,,,,,350.6964111
37,2/7/2021 20:56:00,2,Feb,agb1,40.621277499999998,-105.816983399999998,B_T,65,66,58,73,67,65.799999999999997,0.079716528000000,0.240848546000000,0.233881433000000,4.942424708000000,15.173458430000000,14.968411690000000,11.694764940000001,292.8937073
38,3/20/2021 21:42:00,3,Mar,agb1,40.621277499999998,-105.816983399999998,B_T,55,42,53,51,55,51.200000000000003,,,,,,,,292.8937073
39,4/11/2021 18:38:00,4,Apr,agb1,40.621277499999998,-105.816983399999998,B_T,0,,,,,0.000000000000000,5.145454545000000,,,,,,0.000000000000000,292.8937073
40,5/8/2021 0:00:00,5,May,agb1,40.621277499999998,-105.816983399999998,B_T,0,,,,,0.000000000000000,,,,,,,0.000000000000000,292.8937073
41,2/7/2021 22:05:00,2,Feb,agb10,40.621048000000002,-105.816844000000003,B_T,69,65,69,63,57,64.599999999999994,,,,,,,,297.8611145
42,3/20/2021 22:52:00,3,Mar,agb10,40.621048000000002,-105.816844000000003,B_T,67,69,63,67,69,67.000000000000000,,,,,,,,297.8611145
43,4/11/2021 19:11:00,4,Apr,agb10,40.621048000000002,-105.816844000000003,B_T,21,21,21,20,23,21.199999999999999,,,,,,,,297.8611145
44,5/8/2021 18:21:00,5,May,agb10,40.621048000000002,-105.816844000000003,B_T,30,40,24,22,0,23.199999999999999,0.348972241000000,,,6.281500345000000,0.000000000000000,0.000000000000000,2.093833448000000,297.8611145
45,2/7/2021 22:10:00,2,Feb,agb11,40.621180000000003,-105.816979000000003,B_T,80,74,71,80,69,74.799999999999997,,,,,,,,321.3238220
46,3/20/2021 22:54:00,3,Mar,agb11,40.621180000000003,-105.816979000000003,B_T,62,62,58,49,48,55.799999999999997,,,,,,,,321.3238220
47,4/11/2021 0:00:00,4,Apr,agb11,40.621180000000003,-105.816979000000003,B_T,,,,,,0.000000000000000,,,,,,,,321.3238220
48,5/8/2021 0:00:00,5,May,agb11,40.621180000000003,-105.816979000000003,B_T,,,,,,0.000000000000000,,,,,,,,321.3238220
49,2/7/2021 21:24:00,2,Feb,agb2,40.621164999999998,-105.816843000000006,B_T,61,64,65,62,56,61.600000000000001,,,,,,,,304.6237183
50,3/20/2021 21:47:00,3,Mar,agb2,40.621164999999998,-105.816843000000006,B_T,,,,,,,,,,,,,,304.6237183
51,4/11/2021 18:40:00,4,Apr,agb2,40.621164999999998,-105.816843000000006,B_T,0,,,,,0.000000000000000,,,,,,,,304.6237183
52,5/8/2021 0:00:00,5,May,agb2,40.621164999999998,-105.816843000000006,B_T,0,,,,,0.000000000000000,,,,,,,,304.6237183
53,2/7/2021 21:42:00,2,Feb,agb4,40.621141999999999,-105.816672999999994,B_T,46,45,44,48,42,45.000000000000000,,,,,,,,323.1255493
54,3/20/2021 22:06:00,3,Mar,agb4,40.621141999999999,-105.816672999999994,B_T,55,56,54,53,60,55.600000000000001,0.323876704000000,0.307147535000000,0.310853690000000,14.574451679999999,16.893114449999999,20.205489830000001,17.224351989999999,323.1255493
55,4/11/2021 0:00:00,4,Apr,agb4,40.621141999999999,-105.816672999999994,B_T,,,,,,0.000000000000000,,,,,,,0.000000000000000,323.1255493
56,5/8/2021 0:00:00,5,May,agb4,40.621141999999999,-105.816672999999994,B_T,,,,,,0.000000000000000,,,,,,,0.000000000000000,323.1255493
57,2/7/2021 21:51:00,2,Feb,agb6,40.620773999999997,-105.816505000000006,B_T,34,44,42,33,45,39.600000000000001,,,,,,,,257.7036743
58,3/20/2021 22:22:00,3,Mar,agb6,40.620773999999997,-105.816505000000006,B_T,75,78,77,75,78,76.599999999999994,0.220825025000000,0.217374634000000,0.272783855000000,13.911976610000000,13.911976610000000,13.911976610000000,13.911976610000000,257.7036743
59,4/11/2021 0:00:00,4,Apr,agb6,40.620773999999997,-105.816505000000006,B_T,,,,,,0.000000000000000,,,,,,,0.000000000000000,257.7036743
60,5/8/2021 0:00:00,5,May,agb6,40.620773999999997,-105.816505000000006,B_T,,,,,,0.000000000000000,,,,,,,0.000000000000000,257.7036743
61,2/7/2021 21:55:00,2,Feb,agb7,40.620883999999997,-105.816723999999994,B_T,41,39,42,50,48,44.000000000000000,,,,,,,,250.5549774
62,4/11/2021 18:46:00,3,Mar,agb7,40.620883999999997,-105.816723999999994,B_T,35,23,14,18,0,18.000000000000000,,,,,,,,250.5549774
63,5/8/2021 0:00:00,5,May,agb7,40.620883999999997,-105.816723999999994,B_T,,,,,,0.000000000000000,,,,,,,0.000000000000000,250.5549774
64,2/7/2021 21:59:00,2,Feb,agb8,40.620691000000001,-105.816695999999993,B_T,63,54,59,51,50,55.399999999999999,,,,,,,,262.5682373
65,3/20/2021 22:37:00,3,Mar,agb8,40.620691000000001,-105.816695999999993,B_T,87,95,80,91,83,87.200000000000003,,,,,,,,262.5682373
66,4/11/2021 18:51:00,4,Apr,agb8,40.620691000000001,-105.816695999999993,B_T,8,18,12,5,0,8.600000000000000,,,,,,,,262.5682373
67,2/7/2021 22:02:00,2,Feb,agb9,40.621048000000002,-105.816844000000003,B_T,21,38,30,27,30,29.199999999999999,,,,,,,,297.8611145
68,3/20/2021 22:48:00,3,Mar,agb9,40.621048000000002,-105.816844000000003,B_T,75,73,72,88,70,75.599999999999994,,,,,,,,297.8611145
69,5/8/2021 0:00:00,5,May,agb9,40.621048000000002,-105.816844000000003,B_T,0,,,,,0.000000000000000,,,,,,,0.000000000000000,297.8611145
70,4/11/2021 18:55:00,4,Apr,agb9,40.621048000000002,-105.816844000000003,B_T,5,0,0,0,0,1.000000000000000,,,,,,,,297.8611145
71,2/7/2021 17:22:00,2,Feb,jw1,40.555869600000001,-105.876626299999998,UB_P,113,103,127,133,129,121.000000000000000,,,,,,,,129.9129944
72,3/20/2021 15:31:00,3,Mar,jw1,40.555869600000001,-105.876626299999998,UB_P,142,137,144,125,130,135.599999999999994,,,,,,,,129.9129944
73,4/11/2021 16:03:00,4,Apr,jw1,40.555869600000001,-105.876626299999998,UB_P,119,118,132,113,117,119.799999999999997,,,,,,,,129.9129944
74,5/8/2021 16:08:00,5,May,jw1,40.555869600000001,-105.876626299999998,UB_P,117,118,115,102,115,113.400000000000006,,,,,,,,129.9129944
75,6/3/2021 0:00:00,6,Jun,jw1,40.555869600000001,-105.876626299999998,UB_P,0,0,0,0,0,0.000000000000000,,,,,,,0.000000000000000,129.9129944
76,1/31/2021 19:41:00,2,Feb,jw10,40.558003530000001,-105.880888400000003,B_P,79,81,79,65,74,75.599999999999994,,,,,,,,269.8519592
77,3/20/2021 17:01:00,3,Mar,jw10,40.558003530000001,-105.880888400000003,B_P,85,88,84,85,90,86.400000000000006,,,,,,,,269.8519592
78,4/11/2021 16:52:00,4,Apr,jw10,40.558003530000001,-105.880888400000003,B_P,70,68,73,70,64,69.000000000000000,,,,,,,,269.8519592
79,5/8/2021 17:16:00,5,May,jw10,40.558003530000001,-105.880888400000003,B_P,60,56,60,58,55,57.799999999999997,,,,,,,,269.8519592
80,6/3/2021 0:00:00,6,Jun,jw10,40.558003530000001,-105.880888400000003,B_P,0,0,0,0,0,0.000000000000000,,,,,,,0.000000000000000,269.8519592
81,2/7/2021 19:46:00,2,Feb,jw11,40.558224369999998,-105.881325799999999,B_P,153,140,150,144,158,149.000000000000000,,,,,,,,154.0003510
82,3/20/2021 17:05:00,3,Mar,jw11,40.558224369999998,-105.881325799999999,B_P,118,105,123,135,125,121.200000000000003,,,,,,,,154.0003510
83,4/11/2021 16:56:00,4,Apr,jw11,40.558224369999998,-105.881325799999999,B_P,104,100,94,103,98,99.799999999999997,,,,,,,,154.0003510
84,5/8/2021 17:18:00,5,May,jw11,40.558224369999998,-105.881325799999999,B_P,91,89,87,95,51,82.599999999999994,,,,,,,,154.0003510
85,6/3/2021 0:00:00,6,Jun,jw11,40.558224369999998,-105.881325799999999,B_P,0,0,0,0,0,0.000000000000000,,,,,,,0.000000000000000,154.0003510
86,2/7/2021 19:54:00,2,Feb,jw12,40.558780669999997,-105.881608799999995,B_P,107,116,129,106,90,109.599999999999994,0.165577041000000,0.230011503000000,0.164680165000000,15.398664820000000,24.381219290000001,24.702024810000001,21.493969640000000,111.8055420
87,3/20/2021 17:10:00,3,Mar,jw12,40.558780669999997,-105.881608799999995,B_P,94,86,85,115,152,106.400000000000006,0.280869948000000,0.332466798000000,0.311245513000000,28.648734680000000,33.246679749999998,31.124551260000000,31.006655230000000,111.8055420
88,4/11/2021 17:07:00,4,Apr,jw12,40.558780669999997,-105.881608799999995,B_P,163,145,132,130,137,141.400000000000006,0.376585535000000,0.360812318000000,0.373912313000000,63.266369800000000,60.616469490000000,60.947707029999997,61.610182109999997,111.8055420
89,5/8/2021 17:21:00,5,May,jw12,40.558780669999997,-105.881608799999995,B_P,120,123,127,132,139,128.199999999999989,0.394172670000000,0.377539560000000,0.479956433000000,39.417267050000000,35.111179049999997,47.035730430000001,40.521392179999999,111.8055420
90,6/3/2021 0:00:00,6,Jun,jw12,40.558780669999997,-105.881608799999995,B_P,0,0,0,0,0,0.000000000000000,,,,,,,0.000000000000000,111.8055420
91,2/7/2021 20:28:00,2,Feb,jw13,40.559244030000002,-105.881991600000006,B_P,9,5,11,9,11,9.000000000000000,,,,,,,,295.5527039
92,3/20/2021 18:00:00,3,Mar,jw13,40.559244030000002,-105.881991600000006,B_P,37,43,30,35,40,37.000000000000000,,,,,,,,295.5527039
93,4/11/2021 17:59:00,4,Apr,jw13,40.559244030000002,-105.881991600000006,B_P,44,40,8,11,16,23.800000000000001,,,,,,,,295.5527039
94,5/8/2021 17:44:00,5,May,jw13,40.559244030000002,-105.881991600000006,B_P,16,23,15,15,11,16.000000000000000,,,,,,,,295.5527039
95,6/3/2021 0:00:00,6,Jun,jw13,40.559244030000002,-105.881991600000006,B_P,0,0,0,0,0,0.000000000000000,,,,,,,0.000000000000000,295.5527039
96,2/7/2021 20:12:00,2,Feb,jw14,40.559651039999999,-105.882469999999998,B_P,209,218,208,214,220,213.800000000000011,0.116819499000000,0.118326847000000,0.172699259000000,18.340661310000002,18.340661310000002,26.422986630000000,21.034769749999999,90.0200272
97,3/20/2021 18:05:00,3,Mar,jw14,40.559651039999999,-105.882469999999998,B_P,245,235,230,243,235,237.599999999999994,0.196669606000000,,,43.857322230000001,,,43.857322230000001,90.0200272
98,4/11/2021 19:04:00,4,Apr,jw14,40.559651039999999,-105.882469999999998,B_P,201,210,220,209,210,210.000000000000000,0.379242979000000,0.377672707000000,0.422165490000000,78.503296559999995,80.821959329999999,86.121759940000004,81.815671940000001,90.0200272
99,5/8/2021 17:52:00,5,May,jw14,40.559651039999999,-105.882469999999998,B_P,193,186,170,190,173,182.400000000000006,0.375999368000000,0.357387870000000,0.340701468000000,69.559883029999995,67.903695339999999,59.622756879999997,65.695445079999999,90.0200272
100,6/3/2021 0:00:00,6,Jun,jw14,40.559651039999999,-105.882469999999998,B_P,71,73,82,85,78,77.799999999999997,0.414537645000000,0.417272457000000,0.408706229000000,38.552000990000003,37.137248659999997,36.783560580000000,37.490936740000002,90.0200272
101,2/7/2021 20:00:00,2,Feb,jw15,40.560224910000002,-105.882613300000003,B_P,115,104,88,104,106,103.400000000000006,,,,,,,,18.4267483
102,3/20/2021 19:08:00,3,Mar,jw15,40.560224910000002,-105.882613300000003,B_P,102,120,104,135,120,116.200000000000003,,,,,,,,18.4267483
103,4/11/2021 19:23:00,4,Apr,jw15,40.560224910000002,-105.882613300000003,B_P,121,137,130,149,115,130.400000000000006,,,,,,,,18.4267483
104,5/8/2021 19:08:00,5,May,jw15,40.560224910000002,-105.882613300000003,B_P,141,132,135,158,173,147.800000000000011,,,,,,,,18.4267483
105,6/3/2021 0:00:00,6,Jun,jw15,40.560224910000002,-105.882613300000003,B_P,6,0,7,14,20,9.400000000000000,,,,,,,,18.4267483
106,2/7/2021 19:53:00,2,Feb,jw16,40.560769090000001,-105.882734799999994,B_P,161,160,152,155,154,156.400000000000006,,,,,,,,314.9289856
107,3/20/2021 0:00:00,3,Mar,jw16,40.560769090000001,-105.882734799999994,B_P,135,165,167,164,127,151.599999999999994,,,,,,,,314.9289856
108,4/11/2021 19:24:00,4,Apr,jw16,40.560769090000001,-105.882734799999994,B_P,133,153,156,126,94,132.400000000000006,,,,,,,,314.9289856
109,5/8/2021 19:11:00,5,May,jw16,40.560769090000001,-105.882734799999994,B_P,131,118,100,132,145,125.200000000000003,,,,,,,,314.9289856
110,6/3/2021 0:00:00,6,Jun,jw16,40.560769090000001,-105.882734799999994,B_P,0,0,24,23,24,14.199999999999999,,,,,,,,314.9289856
111,2/7/2021 19:45:00,2,Feb,jw17,40.561325089999997,-105.882612699999996,PB_P,91,87,120,135,130,112.599999999999994,,,,,,,,6.7794695
112,3/20/2021 19:16:00,3,Mar,jw17,40.561325089999997,-105.882612699999996,PB_P,162,156,155,150,154,155.400000000000006,,,,,,,,6.7794695
113,4/11/2021 19:27:00,4,Apr,jw17,40.561325089999997,-105.882612699999996,PB_P,138,139,154,150,130,142.199999999999989,,,,,,,,6.7794695
114,5/8/2021 19:14:00,5,May,jw17,40.561325089999997,-105.882612699999996,PB_P,75,57,121,95,133,96.200000000000003,,,,,,,,6.7794695
115,6/3/2021 0:00:00,6,Jun,jw17,40.561325089999997,-105.882612699999996,PB_P,22,14,0,0,3,7.800000000000000,,,,,,,,6.7794695
116,2/7/2021 19:35:00,2,Feb,jw18,40.561666649999999,-105.882013999999998,PB_P,83,94,135,136,120,113.599999999999994,,,,,,,,44.5752182
117,3/20/2021 19:20:00,3,Mar,jw18,40.561666649999999,-105.882013999999998,PB_P,154,165,122,164,141,149.199999999999989,,,,,,,,44.5752182
118,4/4/2021 19:28:00,4,Apr,jw18,40.561666649999999,-105.882013999999998,PB_P,112,166,159,162,164,152.599999999999994,,,,,,,,44.5752182
119,5/8/2021 19:15:00,5,May,jw18,40.561666649999999,-105.882013999999998,PB_P,172,175,160,162,155,164.800000000000011,0.337818416000000,0.351797110000000,0.367787887000000,51.010580890000000,51.010580890000000,53.329243650000002,51.783468480000003,44.5752182
120,6/3/2021 0:00:00,6,Jun,jw18,40.561666649999999,-105.882013999999998,PB_P,19,30,40,5,0,18.800000000000001,,,,,,,,44.5752182
121,2/7/2021 18:51:00,2,Feb,jw19,40.561695940000000,-105.881394999999998,B_P,95,97,96,92,92,94.400000000000006,0.148364363000000,0.162830730000000,0.166531428000000,13.056063979999999,13.677781310000000,13.988639980000000,13.574161760000001,18.8325787
122,3/20/2021 19:23:00,3,Mar,jw19,40.561695940000000,-105.881394999999998,B_P,152,147,144,160,155,151.599999999999994,0.327750956000000,0.308050911000000,0.365322559000000,49.162643459999998,47.747891129999999,55.529028949999997,50.813187849999998,18.8325787
123,4/11/2021 19:32:00,4,Apr,jw19,40.561695940000000,-105.881394999999998,B_P,133,136,149,138,149,141.000000000000000,0.344943919000000,0.338186577000000,0.326330315000000,50.016868270000003,48.360680580000000,44.054592579999998,47.477380480000001,18.8325787
124,5/8/2021 19:33:00,5,May,jw19,40.561695940000000,-105.881394999999998,B_P,128,144,143,136,136,137.400000000000006,,,,,,,,18.8325787
125,6/3/2021 0:00:00,6,Jun,jw19,40.561695940000000,-105.881394999999998,B_P,25,9,0,21,23,15.600000000000000,,,,,,,,18.8325787
126,2/7/2021 17:30:00,2,Feb,jw2,40.556184969999997,-105.876876600000003,UB_P,95,83,83,102,94,91.400000000000006,,,,,,,,182.5337982
127,3/20/2021 15:39:00,3,Mar,jw2,40.556184969999997,-105.876876600000003,UB_P,126,128,120,132,129,127.000000000000000,,,,,,,,182.5337982
128,4/11/2021 16:07:00,4,Apr,jw2,40.556184969999997,-105.876876600000003,UB_P,115,115,110,114,120,114.799999999999997,,,,,,,,182.5337982
129,5/8/2021 16:11:00,5,May,jw2,40.556184969999997,-105.876876600000003,UB_P,129,122,117,132,109,121.799999999999997,,,,,,,,182.5337982
130,6/3/2021 0:00:00,6,Jun,jw2,40.556184969999997,-105.876876600000003,UB_P,67,82,78,75,64,73.200000000000003,,,,,,,,182.5337982
131,2/7/2021 19:19:00,2,Feb,jw20,40.561780560000003,-105.880727500000006,UB_P,134,159,159,143,116,142.199999999999989,,,,,,,,38.6258812
132,3/20/2021 19:39:00,3,Mar,jw20,40.561780560000003,-105.880727500000006,UB_P,190,174,179,167,165,175.000000000000000,,,,,,,,38.6258812
133,4/11/2021 19:46:00,4,Apr,jw20,40.561780560000003,-105.880727500000006,UB_P,174,176,136,141,152,155.800000000000011,,,,,,,,38.6258812
134,5/8/2021 19:34:00,5,May,jw20,40.561780560000003,-105.880727500000006,UB_P,171,167,114,175,161,157.599999999999994,,,,,,,,38.6258812
135,6/3/2021 0:00:00,6,Jun,jw20,40.561780560000003,-105.880727500000006,UB_P,69,73,50,14,0,41.200000000000003,,,,,,,,38.6258812
136,2/7/2021 19:10:00,2,Feb,jw21,40.561787570000000,-105.880023699999995,B_P,136,147,151,131,135,140.000000000000000,,,,,,,,350.1638184
137,3/20/2021 19:46:00,3,Mar,jw21,40.561787570000000,-105.880023699999995,B_P,168,172,164,167,172,168.599999999999994,,,,,,,,350.1638184
138,4/11/2021 19:45:00,4,Apr,jw21,40.561787570000000,-105.880023699999995,B_P,159,155,144,169,167,158.800000000000011,,,,,,,,350.1638184
139,5/8/2021 19:39:00,5,May,jw21,40.561787570000000,-105.880023699999995,B_P,142,146,150,150,150,147.599999999999994,,,,,,,,350.1638184
140,6/3/2021 0:00:00,6,Jun,jw21,40.561787570000000,-105.880023699999995,B_P,34,47,42,36,36,39.000000000000000,0.336003678000000,0.481408779000000,0.226107738000000,13.440147130000000,17.330716039999999,6.331016676000000,12.367293280000000,350.1638184
141,2/7/2021 19:30:00,2,Feb,jw22,40.561715749999998,-105.879412099999996,B_P,135,136,139,140,144,138.800000000000011,0.211157064000000,0.203561486000000,0.204612940000000,28.295046599999999,28.295046599999999,24.758165770000002,27.116086320000001,19.5778923
142,3/20/2021 19:50:00,3,Mar,jw22,40.561715749999998,-105.879412099999996,B_P,86,118,115,122,129,114.000000000000000,0.306713884000000,0.252634345000000,0.250529058000000,39.259377160000000,31.831927420000000,30.063487009999999,33.718263860000000,19.5778923
143,4/11/2021 19:51:00,4,Apr,jw22,40.561715749999998,-105.879412099999996,B_P,104,112,111,117,115,111.799999999999997,0.307577714000000,0.313170036000000,0.303887650000000,34.448703979999998,34.448703979999998,33.123753819999997,34.007053929999998,19.5778923
144,5/8/2021 19:40:00,5,May,jw22,40.561715749999998,-105.879412099999996,B_P,90,89,101,94,88,92.400000000000006,0.344487040000000,0.342659522000000,0.354527678000000,34.448703979999998,39.748504590000003,45.379542739999998,39.858917099999999,19.5778923
145,6/3/2021 0:00:00,6,Jun,jw22,40.561715749999998,-105.879412099999996,B_P,0,0,0,0,0,0.000000000000000,,,,,,,0.000000000000000,19.5778923
146,2/7/2021 18:41:00,2,Feb,jw23,40.561619960000002,-105.878728300000006,B_P,168,168,170,174,165,169.000000000000000,,,,,,,,32.1975365
147,3/20/2021 20:00:00,3,Mar,jw23,40.561619960000002,-105.878728300000006,B_P,214,150,156,160,185,173.000000000000000,,,,,,,,32.1975365
148,4/11/2021 20:05:00,4,Apr,jw23,40.561619960000002,-105.878728300000006,B_P,160,103,161,139,160,144.599999999999994,,,,,,,,32.1975365
149,5/8/2021 19:55:00,5,May,jw23,40.561619960000002,-105.878728300000006,B_P,143,121,91,140,139,126.799999999999997,,,,,,,,32.1975365
150,6/3/2021 0:00:00,6,Jun,jw23,40.561619960000002,-105.878728300000006,B_P,0,0,0,0,0,0.000000000000000,,,,,,,0.000000000000000,32.1975365
151,2/7/2021 0:00:00,2,Feb,jw24,40.561229740000002,-105.878114499999995,B_P,71,151,154,142,150,133.599999999999994,,,,,,,,13.9473801
152,3/20/2021 20:05:00,3,Mar,jw24,40.561229740000002,-105.878114499999995,B_P,149,172,180,176,177,170.800000000000011,,,,,,,,13.9473801
153,4/11/2021 20:06:00,4,Apr,jw24,40.561229740000002,-105.878114499999995,B_P,151,158,158,155,157,155.800000000000011,,,,,,,,13.9473801
154,5/8/2021 19:57:00,5,May,jw24,40.561229740000002,-105.878114499999995,B_P,153,150,150,147,154,150.800000000000011,,,,,,,,13.9473801
155,6/3/2021 0:00:00,6,Jun,jw24,40.561229740000002,-105.878114499999995,B_P,0,0,0,0,0,0.000000000000000,,,,,,,0.000000000000000,13.9473801
156,2/7/2021 18:26:00,2,Feb,jw25,40.561157000000001,-105.877290299999999,B_P,119,166,162,170,145,152.400000000000006,,,,,,,,45.9582787
157,3/20/2021 20:11:00,3,Mar,jw25,40.561157000000001,-105.877290299999999,B_P,168,164,160,164,182,167.599999999999994,,,,,,,,45.9582787
158,4/11/2021 20:11:00,4,Apr,jw25,40.561157000000001,-105.877290299999999,B_P,156,158,148,151,161,154.800000000000011,,,,,,,,45.9582787
159,5/8/2021 20:00:00,5,May,jw25,40.561157000000001,-105.877290299999999,B_P,153,150,146,150,155,150.800000000000011,,,,,,,,45.9582787
160,6/3/2021 0:00:00,6,Jun,jw25,40.561157000000001,-105.877290299999999,B_P,0,0,0,0,0,0.000000000000000,,,,,,,0.000000000000000,45.9582787
161,2/7/2021 18:35:00,2,Feb,jw26,40.560901639999997,-105.876639600000004,B_P,142,144,137,141,141,141.000000000000000,0.241031878000000,0.260213375000000,0.241729265000000,32.539303590000003,36.429872500000002,33.600367839999997,34.189847980000003,61.9357986
162,3/20/2021 20:14:00,3,Mar,jw26,40.560901639999997,-105.876639600000004,B_P,153,150,142,145,155,149.000000000000000,0.371825933000000,0.367835606000000,0.321742062000000,58.004845529999997,55.175340869999999,49.870019630000002,54.350068680000000,61.9357986
163,4/11/2021 20:12:00,4,Apr,jw26,40.560901639999997,-105.876639600000004,B_P,120,120,130,128,124,124.400000000000006,0.365335520000000,0.373576171000000,0.399938657000000,49.685630730000000,49.685630730000000,53.991718730000002,51.120993400000003,61.9357986
164,5/8/2021 20:01:00,5,May,jw26,40.560901639999997,-105.876639600000004,B_P,87,92,100,99,97,95.000000000000000,0.391175759000000,0.413258262000000,0.413258262000000,41.073454740000003,43.392117509999999,43.392117509999999,42.619229920000002,61.9357986
165,6/3/2021 0:00:00,6,Jun,jw26,40.560901639999997,-105.876639600000004,B_P,0,0,0,0,0,0.000000000000000,,,,,,,0.000000000000000,61.9357986
166,2/7/2021 0:00:00,2,Feb,jw27,40.560472890000000,-105.876343700000007,UB_P,126,145,171,127,148,143.400000000000006,,,,,,,,65.4024963
167,3/13/2021 21:26:00,3,Mar,jw27,40.560472890000000,-105.876343700000007,UB_P,138,150,170,160,140,151.599999999999994,,,,,,,,65.4024963
168,4/11/2021 20:24:00,4,Apr,jw27,40.560472890000000,-105.876343700000007,UB_P,116,129,86,101,76,101.599999999999994,,,,,,,,65.4024963
169,5/8/2021 20:09:00,5,May,jw27,40.560472890000000,-105.876343700000007,UB_P,99,99,124,98,77,99.400000000000006,,,,,,,,65.4024963
170,6/3/2021 0:00:00,6,Jun,jw27,40.560472890000000,-105.876343700000007,UB_P,0,0,0,0,0,0.000000000000000,,,,,,,0.000000000000000,65.4024963
171,2/7/2021 18:18:00,2,Feb,jw28,40.559960009999998,-105.876066800000004,UB_P,126,116,110,114,106,114.400000000000006,,,,,,,,60.4459343
172,3/20/2021 20:30:00,3,Mar,jw28,40.559960009999998,-105.876066800000004,UB_P,136,137,133,133,149,137.599999999999994,,,,,,,,60.4459343
173,4/11/2021 20:25:00,4,Apr,jw28,40.559960009999998,-105.876066800000004,UB_P,132,133,127,139,131,132.400000000000006,,,,,,,,60.4459343
174,5/8/2021 20:11:00,5,May,jw28,40.559960009999998,-105.876066800000004,UB_P,138,133,143,143,140,139.400000000000006,,,,,,,,60.4459343
175,6/3/2021 0:00:00,6,Jun,jw28,40.559960009999998,-105.876066800000004,UB_P,44,43,32,26,40,37.000000000000000,0.446763894000000,0.304336257000000,0.325393036000000,16.977027960000001,13.086459050000000,16.269651790000001,15.444379600000000,60.4459343
176,2/7/2021 17:54:00,2,Feb,jw29,40.559256120000001,-105.876047000000000,B_P,150,141,141,142,134,141.599999999999994,0.208650523000000,,,29.002422760000002,,,29.002422760000002,79.6794434
177,3/20/2021 20:34:00,3,Mar,jw29,40.559256120000001,-105.876047000000000,B_P,162,167,165,166,169,165.800000000000011,,,,,,,,79.6794434
178,4/11/2021 20:29:00,4,Apr,jw29,40.559256120000001,-105.876047000000000,B_P,137,144,133,120,143,135.400000000000006,,,,,,,,79.6794434
179,5/8/2021 20:16:00,5,May,jw29,40.559256120000001,-105.876047000000000,B_P,119,112,63,114,118,105.200000000000003,,,,,,,,79.6794434
180,6/3/2021 0:00:00,6,Jun,jw29,40.559256120000001,-105.876047000000000,B_P,0,0,0,0,0,0.000000000000000,,,,,,,0.000000000000000,79.6794434
181,2/7/2021 17:36:00,2,Feb,jw3,40.556387030000003,-105.877222799999998,B_P,82,90,108,96,103,95.799999999999997,,,,,,,,90.7029800
182,3/20/2021 15:44:00,3,Mar,jw3,40.556387030000003,-105.877222799999998,B_P,172,121,170,181,170,162.800000000000011,,,,,,,,90.7029800
183,4/11/2021 16:08:00,4,Apr,jw3,40.556387030000003,-105.877222799999998,B_P,84,128,132,131,108,116.599999999999994,,,,,,,,90.7029800
184,5/8/2021 16:13:00,5,May,jw3,40.556387030000003,-105.877222799999998,B_P,125,131,128,120,128,126.400000000000006,,,,,,,,90.7029800
185,6/3/2021 0:00:00,6,Jun,jw3,40.556387030000003,-105.877222799999998,B_P,40,44,35,37,35,38.200000000000003,,,,,,,,90.7029800
186,2/7/2021 17:38:00,2,Feb,jw30,40.558665550000001,-105.875736300000000,UB_P,139,135,135,126,127,132.400000000000006,0.170178102000000,0.175702724000000,0.139190448000000,23.314399970000000,24.246975970000001,18.651519969999999,22.070965300000001,110.5390396
187,3/20/2021 20:38:00,3,Mar,jw30,40.558665550000001,-105.875736300000000,UB_P,146,157,160,157,174,158.800000000000011,0.315708154000000,0.313603433000000,0.293125055000000,47.040514969999997,47.040514969999997,42.796257980000000,45.625762639999998,110.5390396
188,4/11/2021 20:33:00,4,Apr,jw30,40.558665550000001,-105.875736300000000,UB_P,102,123,132,115,138,122.000000000000000,0.372642231000000,0.351939884000000,0.403044277000000,50.679343350000003,50.679343350000003,57.635331649999998,52.998006119999999,110.5390396
189,5/8/2021 20:18:00,5,May,jw30,40.558665550000001,-105.875736300000000,UB_P,113,120,130,119,120,120.400000000000006,0.394473796000000,0.370383793000000,0.370383793000000,43.392117509999999,40.742217199999999,40.742217199999999,41.625517299999998,110.5390396
190,6/3/2021 0:00:00,6,Jun,jw30,40.558665550000001,-105.875736300000000,UB_P,31,51,47,27,34,38.000000000000000,,,,,,,,110.5390396
191,2/7/2021 17:40:00,2,Feb,jw31,40.558096870000000,-105.875714700000003,UB_P,116,114,109,109,99,109.400000000000006,,,,,,,,143.8434906
192,3/20/2021 20:48:00,3,Mar,jw31,40.558096870000000,-105.875714700000003,UB_P,162,168,169,168,163,166.000000000000000,,,,,,,,143.8434906
193,4/11/2021 20:54:00,4,Apr,jw31,40.558096870000000,-105.875714700000003,UB_P,131,131,121,135,121,127.799999999999997,,,,,,,,143.8434906
194,5/8/2021 20:29:00,5,May,jw31,40.558096870000000,-105.875714700000003,UB_P,144,142,139,155,167,149.400000000000006,,,,,,,,143.8434906
195,6/3/2021 0:00:00,6,Jun,jw31,40.558096870000000,-105.875714700000003,UB_P,50,53,46,38,44,46.200000000000003,,,,,,,,143.8434906
196,2/7/2021 17:23:00,2,Feb,jw32,40.557382230000002,-105.875796899999997,UB_P,133,128,140,135,122,131.599999999999994,,,,,,,,88.8073349
197,3/20/2021 20:53:00,3,Mar,jw32,40.557382230000002,-105.875796899999997,UB_P,153,143,146,165,138,149.000000000000000,,,,,,,,88.8073349
198,4/11/2021 20:55:00,4,Apr,jw32,40.557382230000002,-105.875796899999997,UB_P,135,145,142,135,136,138.599999999999994,,,,,,,,88.8073349
199,5/8/2021 20:33:00,5,May,jw32,40.557382230000002,-105.875796899999997,UB_P,120,132,137,117,140,129.199999999999989,,,,,,,,88.8073349
200,6/3/2021 0:00:00,6,Jun,jw32,40.557382230000002,-105.875796899999997,UB_P,26,16,22,44,48,31.199999999999999,,,,,,,,88.8073349
201,2/7/2021 17:48:00,2,Feb,jw4,40.556751460000001,-105.877618200000001,PB_P,159,162,145,140,150,151.199999999999989,0.071103487000000,0.156289867000000,0.098709390000000,11.376557910000001,24.381219290000001,15.398664820000000,17.052147340000001,157.0691528
202,3/20/2021 15:48:00,3,Mar,jw4,40.556751460000001,-105.877618200000001,PB_P,145,147,152,151,150,149.000000000000000,0.321742062000000,0.313647922000000,0.312077720000000,49.870019630000002,49.870019630000002,47.747891129999999,49.162643459999998,157.0691528
203,4/11/2021 16:30:00,4,Apr,jw4,40.556751460000001,-105.877618200000001,PB_P,119,121,123,118,116,119.400000000000006,0.370206660000000,0.536833252000000,0.367423152000000,44.054592579999998,62.272657189999997,43.723355050000002,50.016868270000003,157.0691528
204,5/8/2021 16:16:00,5,May,jw4,40.556751460000001,-105.877618200000001,PB_P,105,104,96,115,106,105.200000000000003,0.356937002000000,0.383683482000000,0.364639643000000,41.404692279999999,46.042017809999997,,43.723355050000002,157.0691528
205,6/3/2021 0:00:00,6,Jun,jw4,40.556751460000001,-105.877618200000001,PB_P,0,0,0,0,0,0.000000000000000,,,,,,,0.000000000000000,157.0691528
206,2/7/2021 18:31:00,2,Feb,jw5,40.556936430000000,-105.878329699999995,B_P,96,75,94,88,98,90.200000000000003,,,,,,,,172.0810394
207,3/20/2021 16:26:00,3,Mar,jw5,40.556936430000000,-105.878329699999995,B_P,94,95,100,85,93,93.400000000000006,,,,,,,,172.0810394
208,4/11/2021 16:15:00,4,Apr,jw5,40.556936430000000,-105.878329699999995,B_P,61,64,57,77,55,62.799999999999997,,,,,,,,172.0810394
209,5/8/2021 16:48:00,5,May,jw5,40.556936430000000,-105.878329699999995,B_P,37,23,38,49,40,37.399999999999999,,,,,,,,172.0810394
210,6/3/2021 0:00:00,6,Jun,jw5,40.556936430000000,-105.878329699999995,B_P,0,0,0,0,0,0.000000000000000,,,,,,,0.000000000000000,172.0810394
211,2/7/2021 18:44:00,2,Feb,jw6,40.557384370000001,-105.878499599999998,B_P,92,93,85,91,95,91.200000000000003,,,,,,,,178.4369812
212,3/20/2021 16:29:00,3,Mar,jw6,40.557384370000001,-105.878499599999998,B_P,89,85,88,88,90,88.000000000000000,,,,,,,,178.4369812
213,4/11/2021 16:25:00,4,Apr,jw6,40.557384370000001,-105.878499599999998,B_P,61,53,53,64,56,57.399999999999999,,,,,,,,178.4369812
214,5/8/2021 16:52:00,5,May,jw6,40.557384370000001,-105.878499599999998,B_P,30,28,28,27,15,25.600000000000001,,,,,,,,178.4369812
215,6/3/2021 0:00:00,6,Jun,jw6,40.557384370000001,-105.878499599999998,B_P,0,0,0,0,0,0.000000000000000,,,,,,,0.000000000000000,178.4369812
216,2/7/2021 18:54:00,2,Feb,jw7,40.557490520000002,-105.879138600000005,B_P,55,59,60,77,72,64.599999999999994,,,,,,,,162.4055634
217,3/20/2021 16:33:00,3,Mar,jw7,40.557490520000002,-105.879138600000005,B_P,92,87,86,92,89,89.200000000000003,,,,,,,,162.4055634
218,4/11/2021 16:33:00,4,Apr,jw7,40.557490520000002,-105.879138600000005,B_P,49,53,46,54,63,53.000000000000000,,,,,,,,162.4055634
219,5/8/2021 16:56:00,5,May,jw7,40.557490520000002,-105.879138600000005,B_P,,11,19,24,18,14.500000000000000,,,,,,,,162.4055634
220,6/3/2021 0:00:00,6,Jun,jw7,40.557490520000002,-105.879138600000005,B_P,0,0,0,0,0,0.000000000000000,,,,,,,0.000000000000000,162.4055634
221,2/7/2021 19:05:00,2,Feb,jw8,40.557707860000001,-105.879705500000000,B_P,87,80,100,95,60,84.400000000000006,0.153273747000000,0.081983632000000,0.092231586000000,13.794637229999999,7.378526891000000,7.378526891000000,9.517230337000001,157.1530609
222,3/20/2021 16:37:00,3,Mar,jw8,40.557707860000001,-105.879705500000000,B_P,84,76,70,80,71,76.200000000000003,0.381610826000000,0.353688082000000,0.319772787000000,29.002422760000002,26.880294270000000,23.343413439999999,26.408710159999998,157.1530609
223,4/11/2021 16:45:00,4,Apr,jw8,40.557707860000001,-105.879705500000000,B_P,42,33,38,26,44,36.600000000000001,0.363292784000000,0.351939884000000,0.341275039000000,11.262076300000000,11.262076300000000,11.262076300000000,11.262076300000000,157.1530609
224,5/8/2021 17:03:00,5,May,jw8,40.557707860000001,-105.879705500000000,B_P,28,19,29,25,31,26.399999999999999,0.331237538000000,0.421575049000000,0.316181286000000,11.924551380000000,13.911976610000000,,12.918264000000001,157.1530609
225,6/3/2021 0:00:00,6,Jun,jw8,40.557707860000001,-105.879705500000000,B_P,0,0,0,0,0,0.000000000000000,,,,,,,0.000000000000000,157.1530609
226,2/7/2021 19:33:00,2,Feb,jw9,40.557828600000001,-105.880297400000003,B_P,125,113,116,117,140,122.200000000000003,,,,,,,,149.9268341
227,3/20/2021 16:57:00,3,Mar,jw9,40.557828600000001,-105.880297400000003,B_P,124,113,113,115,103,113.599999999999994,,,,,,,,149.9268341
228,4/11/2021 16:48:00,4,Apr,jw9,40.557828600000001,-105.880297400000003,B_P,73,70,68,63,77,70.200000000000003,,,,,,,,149.9268341
229,5/8/2021 17:14:00,5,May,jw9,40.557828600000001,-105.880297400000003,B_P,6,33,20,6,49,22.800000000000001,,,,,,,,149.9268341
230,6/3/2021 0:00:00,6,Jun,jw9,40.557828600000001,-105.880297400000003,B_P,0,0,0,0,0,0.000000000000000,,,,,,,0.000000000000000,149.9268341
